,word1,word2,prediction
0,abandon,frost,-1.035709086805582
1,abandon,railroad,-1.0085319485515356
2,abortion,religion,-0.6230818629264832
3,abstract,candle,-0.9320289567112923
4,abstract,frog,-0.9016336873173714
5,abstract,moon,-0.847394585609436
6,abstract,rally,-0.9836983773857355
7,abuse,abuse,-0.0
8,abuse,disorder,-0.5383196175098419
9,accommodate,adjust,-0.6988112032413483
10,accommodation,accommodation,-0.0
11,accompany,walking,-0.9627120718359947
12,account,explanation,-0.7417463064193726
13,account,invoice,-0.5464689135551453
14,act,improvement,-1.0137251364067197
15,action,adjustment,-0.9445912949740887
16,action,entrance,-1.038365375250578
17,activity,solo,-1.003167528891936
18,activity,variation,-0.8420422226190567
19,actor,amateur,-0.8995982632040977
20,ad,track,-1.0241786763072014
21,add,increased,-0.7681831866502762
22,add,string,-0.7334684133529663
23,addition,segment,-0.7964096516370773
24,admitting,confess,-0.4640713930130005
25,adult,dentist,-0.9981509005883709
26,advance,advance,-0.0
27,advance,string,-1.0178020019084215
28,advice,recommendation,-0.6155632436275482
29,advised,murder,-0.9538158848881721
30,aerial,clown,-1.0943085625767708
31,africa,territory,-0.6867069900035858
32,age,history,-0.8573091924190521
33,agency,police,-0.7006316184997559
34,aim,intending,-0.6717887818813324
35,air,cold,-0.5767618119716644
36,air,plasma,-0.8218248635530472
37,air,satellite,-0.7105817794799805
38,aircraft,fleet,-0.4391842484474182
39,aircraft,flight,-0.3047753572463989
40,aircraft,yacht,-0.6437280476093292
41,airplane,plane,-0.15837836265563965
42,ale,bitter,-0.5358012020587921
43,alley,street,-0.39928627014160156
44,aluminum,component,-0.7580022662878036
45,aluminum,imperative,-1.053714293986559
46,american,lobster,-0.9971541133709252
47,ammunition,intolerable,-0.9521717764437199
48,amount,number,-0.6712987720966339
49,amounted,make,-1.0501972325146198
50,amusement,athletics,-0.7763704061508179
51,amusement,procedure,-1.0008595749386586
52,anatomy,palm,-0.858377993106842
53,ancient,city,-0.7992964088916779
54,angel,asphalt,-0.9565841071307659
55,angel,pod,-0.9035132378339767
56,angrier,stormy,-0.7788990437984467
57,animal,asia,-0.7819613367319107
58,animal,flora,-0.7331157624721527
59,animal,giraffe,-0.5249775648117065
60,animal,mural,-0.8723603188991547
61,animal,wild,-0.5586742460727692
62,animal,worm,-0.8030828833580017
63,animal,zoo,-0.40333032608032227
64,anniversary,marriage,-0.6269145011901855
65,answering,counter,-0.9058749452233315
66,anxiety,insecurities,-0.46124136447906494
67,apartment,staircase,-0.7721523344516754
68,appliance,dryer,-0.6049960255622864
69,appreciate,see,-0.6614351868629456
70,approach,avenue,-0.9776320233941078
71,approach,merit,-1.0237908642739058
72,approach,trench,-0.7507724463939667
73,approval,encouragement,-0.7941897660493851
74,approving,interaction,-0.9742343369871378
75,aquarium,coin,-1.1083149537444115
76,arch,brick,-0.6579650342464447
77,arch,roof,-0.5408959686756134
78,architecture,urban,-0.7043258249759674
79,area,space,-0.5820267200469971
80,argument,evidence,-0.6714870929718018
81,arm,bicycle,-0.7920909374952316
82,arm,television,-0.9350771084427834
83,arrange,discard,-0.6586114466190338
84,arrange,study,-0.9685694128274918
85,arrangement,blizzard,-1.019545091316104
86,arrangement,room,-0.7882820069789886
87,art,craft,-0.5939479470252991
88,art,gem,-0.8598125129938126
89,art,museum,-0.45570582151412964
90,art,painting,-0.26503151655197144
91,article,cup,-0.9512648843228817
92,article,girl,-0.8831757828593254
93,ash,bone,-0.7997363656759262
94,ash,coil,-1.0071435761637986
95,asphalt,crane,-0.9165288805961609
96,asphalt,water,-0.7455998957157135
97,assets,exclude,-0.8710707724094391
98,association,organization,-0.48438817262649536
99,association,realtor,-0.6657155454158783
100,asylum,dollar,-1.075996458530426
101,asylum,shelter,-0.8392541110515594
102,athletics,racing,-0.6473329365253448
103,athletics,swimming,-0.6052155494689941
104,attempt,give,-0.8189722150564194
105,attempt,initiate,-0.5649794638156891
106,attitude,notice,-0.8976091742515564
107,attitude,study,-0.9548408500850201
108,attorney,lawyer,-0.06606769561767578
109,auto,bright,-0.9846634427085519
110,automobile,fabric,-0.9662281163036823
111,automobile,racing,-0.5710066556930542
112,autumn,foliage,-0.3938465714454651
113,autumn,hat,-0.7747654467821121
114,autumn,sunshine,-0.5006361305713654
115,autumn,winter,-0.22598391771316528
116,award,citation,-0.7224603891372681
117,baby,treat,-0.9871414061635733
118,back,lumbar,-0.7554298788309097
119,back,shifting,-0.9196588173508644
120,bacon,bread,-0.3682789206504822
121,bacon,pepper,-0.43349504470825195
122,bacon,salad,-0.4175909757614136
123,bacon,tomato,-0.4594108462333679
124,bacon,wild,-0.8161261230707169
125,bag,cop,-0.9191334396600723
126,bag,flag,-0.8928666487336159
127,bakery,cake,-0.5660865008831024
128,bakery,vehicle,-1.1149848848581314
129,balance,gauge,-1.0345030836760998
130,banana,salad,-0.6297764778137207
131,band,guitar,-0.44357895851135254
132,band,metal,-0.539493203163147
133,band,play,-0.9493629299104214
134,band,uniform,-0.8353875875473022
135,band,vinyl,-0.714990109205246
136,bank,smell,-0.957409530878067
137,bankruptcy,enterprise,-0.9098751321434975
138,bar,diner,-0.5535070598125458
139,bar,ship,-0.9420956894755363
140,bar,stair,-0.8793752938508987
141,bar,sushi,-0.6420325934886932
142,barn,food,-1.0596762411296368
143,barrel,gallon,-0.7918993681669235
144,base,club,-0.9762340467423201
145,baseball,born,-1.180639773607254
146,baseball,cactus,-0.9581615217030048
147,baseball,game,-0.5000753998756409
148,baseball,hockey,-0.22039341926574707
149,baseball,season,-0.48860281705856323
150,basket,dinner,-0.7871945351362228
151,basketball,lesson,-0.8780847117304802
152,basketball,squash,-0.6265124380588531
153,bat,bats,-0.18217861652374268
154,bath,bedroom,-0.3483395576477051
155,bath,floor,-0.5257628560066223
156,bath,hot,-0.7693198770284653
157,bath,sleep,-0.7981913089752197
158,bathroom,chamber,-1.0594612136483192
159,bay,curve,-1.143084242939949
160,bay,harbour,-0.41105180978775024
161,beach,cliff,-0.720053642988205
162,beach,pebble,-0.5535581111907959
163,bead,chess,-0.8670177459716797
164,bead,gold,-0.4349145293235779
165,bead,redhead,-0.9837233610451221
166,beam,column,-0.8002902567386627
167,beard,hair,-0.3523285984992981
168,beat,meter,-0.8139595836400986
169,bed,candy,-1.0660048797726631
170,bed,floor,-0.5772030055522919
171,bed,furniture,-0.6428450047969818
172,bed,layer,-0.8903343975543976
173,bed,pillow,-0.3838568329811096
174,bed,relax,-0.7628510594367981
175,bed,sitting,-0.6130738258361816
176,bed,staircase,-0.8009875267744064
177,bedroom,canyon,-0.9902575984597206
178,bedroom,ceiling,-0.576816976070404
179,bedroom,cell,-0.9182839915156364
180,bedroom,construction,-0.9854202680289745
181,bedroom,door,-0.6822963356971741
182,bedroom,downtown,-0.916521467268467
183,bedroom,room,-0.3480914831161499
184,bedroom,stair,-0.8184367120265961
185,bedroom,staircase,-0.6457025110721588
186,beef,chicken,-0.19546163082122803
187,beef,lamb,-0.2904561161994934
188,beef,pepper,-0.5315165221691132
189,beef,potato,-0.5045883655548096
190,beer,patio,-0.8577053248882294
191,beer,wild,-1.0323744677007198
192,being,characters,-0.791803702712059
193,believe,week,-0.91317930072546
194,belly,black,-0.8486531674861908
195,belly,dance,-0.6645451486110687
196,belly,dark,-0.8970805704593658
197,belly,field,-1.160885065793991
198,belly,stripe,-0.8460197299718857
199,bench,game,-0.8544454872608185
200,benefited,get,-0.9151615127921104
201,bent,double,-0.9107087552547455
202,bent,inclination,-0.6525734961032867
203,berlin,germany,-0.26081210374832153
204,berry,blossom,-0.5451016426086426
205,berry,bright,-0.7786506116390228
206,berry,dessert,-0.6487097442150116
207,berry,ivy,-0.5617127418518066
208,berry,raspberry,-0.28183692693710327
209,berry,seed,-0.6494971513748169
210,berry,sweet,-0.5476297438144684
211,bias,prejudice,-0.5032912790775299
212,bible,misty,-1.0657535269856453
213,bicycle,green,-0.7582155764102936
214,bigger,large,-0.4669308662414551
215,bike,chopper,-0.6032743453979492
216,bikini,ivy,-0.930416889488697
217,bin,cup,-0.8392294943332672
218,bird,cock,-0.9985150522552431
219,bird,dragonfly,-0.3515944480895996
220,bird,flamingo,-0.4764973521232605
221,bird,goose,-0.48704737424850464
222,bird,insect,-0.42095518112182617
223,bird,reptile,-0.550150603055954
224,bird,shade,-0.8340585827827454
225,bird,solid,-1.0301364306360483
226,bishop,priest,-0.3200436234474182
227,bishop,radical,-0.9421856366097927
228,bishop,wine,-0.8425215631723404
229,bit,curb,-1.0234079901129007
230,bit,tool,-0.9280918464064598
231,bitter,taste,-0.5127709805965424
232,black,blue,-0.393793523311615
233,black,bright,-0.6447685658931732
234,black,brown,-0.2883954644203186
235,black,cigarette,-0.8319288045167923
236,black,juvenile,-0.8038040995597839
237,black,skirt,-0.580323338508606
238,black,white,-0.18855822086334229
239,blast,smashing,-0.5798456966876984
240,blaze,pig,-0.8698255568742752
241,blessing,patronage,-0.7293558418750763
242,blizzard,rash,-0.8364281505346298
243,block,hinder,-1.0088748624548316
244,blonde,haircut,-0.7345106303691864
245,blonde,wig,-0.632601410150528
246,bloom,flower,-0.28135305643081665
247,bloom,friend,-1.0062487102113664
248,bloom,plant,-0.42154330015182495
249,bloom,purple,-0.5084129571914673
250,blossom,bud,-0.3495974540710449
251,blossom,cherry,-0.5151419043540955
252,blossom,daisy,-0.4071351885795593
253,blossom,foliage,-0.3970862627029419
254,blossom,orange,-0.4945318102836609
255,blossom,petal,-0.24382567405700684
256,blossom,purple,-0.4208827018737793
257,blow,contact,-0.9790808111429214
258,blow,swat,-0.8234053403139114
259,blowing,smoking,-0.7578378766775131
260,blue,colour,-0.4788367748260498
261,blue,happy,-0.8191491514444351
262,blue,report,-0.7872563749551773
263,blue,shade,-0.5351420938968658
264,blue,skirt,-0.5355852544307709
265,blues,rhythm,-0.5509926676750183
266,blur,focus,-0.6010936498641968
267,blur,metro,-1.0651912912726402
268,board,deal,-0.689298152923584
269,boardwalk,park,-0.598182737827301
270,boast,complain,-0.7711746990680695
271,boat,negro,-0.8564869314432144
272,boat,shore,-0.31457793712615967
273,bold,forward,-0.8226633071899414
274,bold,leader,-0.9932774705812335
275,bone,skull,-0.38777977228164673
276,book,building,-0.9302235096693039
277,book,smoking,-0.9472886323928833
278,booklet,reference,-0.8402099311351776
279,boot,kick,-0.7186003923416138
280,boot,punch,-0.9682352542877197
281,bootleg,produce,-0.8248635828495026
282,bootleg,whiskey,-0.7247445583343506
283,born,construction,-0.945450909435749
284,born,mother,-0.4855673313140869
285,born,subway,-1.111349530518055
286,bottle,wine,-0.3427010178565979
287,bound,line,-0.955043151974678
288,bound,skirt,-0.8378590792417526
289,bowling,wheel,-0.9298252090811729
290,boxer,stair,-1.0018324570264667
291,boxing,hit,-1.0448912903666496
292,boy,hand,-0.8853492438793182
293,boy,live,-1.0165995825082064
294,bracelet,jewelry,-0.238722026348114
295,bracelet,mountain,-0.9468334205448627
296,brain,head,-0.5934924483299255
297,brake,click,-0.9953914559446275
298,branch,tea,-0.7483565807342529
299,brass,executive,-0.8321716040372849
300,brazil,nut,-0.8672688603401184
301,brazil,triple,-0.9484509713947773
302,bread,bun,-0.527256041765213
303,bread,cooking,-0.47994983196258545
304,bread,cover,-1.0011235069250688
305,bread,dessert,-0.45696771144866943
306,bread,egg,-0.5135691165924072
307,bread,medicine,-0.9613784626126289
308,break,glittering,-0.9245613738894463
309,break,scattered,-0.9943373207934201
310,breakfast,diner,-0.580429881811142
311,breakfast,evening,-0.6127529442310333
312,breakfast,lunch,-0.2898141145706177
313,breakfast,makeup,-1.022659532725811
314,breakfast,morning,-0.5674347579479218
315,breakfast,people,-0.939942292869091
316,breakfast,relax,-0.7340344786643982
317,brick,cement,-0.41056710481643677
318,brick,construction,-0.5919198393821716
319,brick,skyscraper,-0.6440063714981079
320,bride,photographer,-0.6720889210700989
321,bright,dark,-0.511142373085022
322,bright,fruit,-0.8198281228542328
323,bright,mist,-0.7932516932487488
324,bright,raspberry,-0.7876026034355164
325,bright,shade,-0.5032917857170105
326,bright,sky,-0.49627774953842163
327,bring,presenting,-0.93454959243536
328,bring,return,-0.7280980050563812
329,broadcast,packet,-0.7031806409358978
330,bronze,sculpture,-0.4309462308883667
331,bronze,suspicion,-0.9938575783744454
332,brown,green,-0.49928969144821167
333,brown,hawk,-0.7838725596666336
334,brown,purple,-0.5083152949810028
335,brown,white,-0.3089855909347534
336,brussels,sweden,-0.6292847096920013
337,bucket,water,-0.5751446485519409
338,bud,flower,-0.40181195735931396
339,bud,ivy,-0.6105559170246124
340,budget,fund,-0.6182487905025482
341,budget,scale,-0.8335947841405869
342,bug,insect,-0.5864763557910919
343,building,cafe,-0.8726301491260529
344,building,construction,-0.3503103256225586
345,building,downtown,-0.6522338688373566
346,building,floor,-0.6207281053066254
347,building,ministry,-0.8938336372375488
348,building,tall,-0.8495737761259079
349,building,zombie,-0.947294257581234
350,burger,cooking,-0.7020367383956909
351,burger,dessert,-0.6696662306785583
352,burger,salad,-0.3880908489227295
353,burger,soup,-0.4748275876045227
354,burn,fire,-0.5232976675033569
355,burn,ripple,-0.9608779475092888
356,bus,rail,-0.527523547410965
357,business,railway,-0.8808828890323639
358,butter,stick,-0.6643081903457642
359,butterfly,caterpillar,-0.6491540968418121
360,butterfly,dragonfly,-0.18631213903427124
361,butterfly,glittering,-0.7054671049118042
362,button,sticker,-0.9191331937909126
363,cafe,child,-1.0390366651117802
364,cafe,coffee,-0.4377363324165344
365,cafe,dinner,-0.5376318693161011
366,cafe,donut,-0.6256440877914429
367,cafe,lunch,-0.5040387213230133
368,cafe,pub,-0.4176085591316223
369,cafe,reflection,-0.8514952659606934
370,cafe,relax,-0.6662525534629822
371,cafe,shop,-0.4650084972381592
372,cafe,spiral,-0.9214334040880203
373,cake,christmas,-0.5599597990512848
374,call,meeting,-0.8136312961578369
375,call,statement,-0.6562314927577972
376,call,telephone,-0.5084365904331207
377,camel,desert,-0.6125114858150482
378,camp,camp,-0.0
379,campaign,conspiracy,-0.9254964888095856
380,can,sketch,-1.0812886729836464
381,candidate,republic,-0.8250532448291779
382,canine,dog,-0.21174007654190063
383,canyon,landscape,-0.8056036978960037
384,canyon,river,-0.5121591091156006
385,car,insurance,-0.5414109230041504
386,car,pig,-0.9766621198505163
387,car,skull,-0.8388835936784744
388,card,playing,-0.7337377369403839
389,card,see,-1.0376532599329948
390,carrier,carrier,-0.0
391,carrier,traveler,-0.7448289692401886
392,carrier,vehicle,-0.744132936000824
393,carrot,memorial,-0.9927314301021397
394,carrot,salad,-0.34433066844940186
395,cart,wagon,-0.7577185779809952
396,cartoon,wit,-0.9405981153249741
397,case,clients,-0.7738534808158875
398,cast,cast,-0.0
399,cast,shoot,-0.8543167114257812
400,castle,patio,-0.9363533034920692
401,castle,ruin,-0.7724106311798096
402,cat,garden,-0.9506199955940247
403,catch,catching,-0.22656726837158203
404,catch,hooks,-0.6070036888122559
405,catching,perceive,-0.996353347087279
406,catching,playing,-0.8608561307191849
407,category,flavor,-0.9636845625936985
408,catering,loan,-1.073435164988041
409,caterpillar,paint,-0.9752900153398514
410,cathedral,step,-0.9992614100920036
411,cattle,goat,-0.4155166745185852
412,cattle,web,-1.1514215469360352
413,cautious,film,-1.1114485412836075
414,ceiling,marble,-0.507648229598999
415,ceiling,mug,-1.0126667181029916
416,ceiling,room,-0.498813271522522
417,ceiling,staircase,-0.37823688983917236
418,ceiling,wall,-0.361488938331604
419,cell,membrane,-0.412067174911499
420,cemetery,grave,-0.4088131785392761
421,cemetery,memorial,-0.3738630414009094
422,center,center,-0.0
423,center,refer,-0.9664824642241001
424,century,period,-0.4806920886039734
425,century,temperature,-0.8798462301492691
426,ceramic,floor,-0.8394224941730499
427,chance,fortune,-0.6389497816562653
428,chance,opportunity,-0.3046609163284302
429,chance,ring,-0.9753756839782
430,change,laundering,-1.0349330008029938
431,change,transforming,-0.8908603116869926
432,change,yielding,-1.1429413706064224
433,channel,sound,-0.8587982654571533
434,chaos,death,-0.7646720856428146
435,chapel,porch,-0.8175702840089798
436,chapel,ruin,-0.8200695216655731
437,charcoal,fuel,-0.717961460351944
438,charge,damage,-0.7705492079257965
439,charge,sentence,-0.7480498850345612
440,checked,checked,-0.0
441,cheer,musician,-1.1217593923211098
442,cheese,food,-0.6349969804286957
443,cheetah,flame,-0.8781296387314796
444,chemical,intermediate,-0.8876503854990005
445,chemistry,patient,-1.029742769896984
446,cherry,fruit,-0.43368804454803467
447,cherry,grape,-0.45322132110595703
448,cherry,lamb,-0.9623807370662689
449,cherry,meat,-0.9353862181305885
450,cherry,orange,-0.48270976543426514
451,cherry,raspberry,-0.30746209621429443
452,chess,family,-0.8980284482240677
453,chess,toy,-0.7784538567066193
454,chicken,lamb,-0.3050016164779663
455,chicken,poultry,-0.3842734098434448
456,chief,guru,-0.6087581217288971
457,child,lad,-0.8496803045272827
458,child,street,-0.9795232582837343
459,chile,plate,-0.8275499194860458
460,chocolate,rock,-1.0177316162735224
461,choice,option,-0.3679993152618408
462,chopper,poppy,-0.8962227925658226
463,chord,play,-0.8919283226132393
464,christmas,valentine,-0.2263939380645752
465,church,porch,-0.8404362350702286
466,church,temple,-0.4908841848373413
467,circle,oval,-0.5687311589717865
468,circle,sport,-0.9389582872390747
469,city,round,-0.820148304104805
470,city,ruin,-0.8761290311813354
471,city,sidewalk,-0.8510811924934387
472,city,square,-0.6474183797836304
473,city,urban,-0.4734939932823181
474,class,sex,-1.026951014995575
475,cliff,coast,-0.822956845164299
476,cliff,harbour,-0.9454677477478981
477,cliff,waterfall,-0.5374149084091187
478,clinic,session,-0.8058585226535797
479,clock,timer,-0.41408270597457886
480,close,short,-0.6570125222206116
481,closed,closed,-0.0
482,closed,state,-0.8846715092658997
483,closed,up,-0.8548154830932617
484,closing,closing,-0.0
485,closing,finale,-0.720165491104126
486,clothes,short,-0.8041496425867081
487,cloud,energy,-0.9235493913292885
488,club,hockey,-0.6024990379810333
489,club,shirt,-0.7430981695652008
490,clubhouse,pop,-1.0502669624984264
491,clue,parish,-1.026118665933609
492,coast,scenery,-0.704353392124176
493,coast,sunk,-0.6654767990112305
494,coast,zebra,-0.9519507400691509
495,coat,resurfacing,-1.077930398285389
496,coat,roof,-0.9163491353392601
497,cock,penis,-0.37239640951156616
498,cocktail,garage,-0.9586400389671326
499,cocktail,restaurant,-0.655236005783081
500,coffee,meeting,-0.7496055662631989
501,coffee,tea,-0.2896389365196228
502,coin,gold,-0.3977429270744324
503,coin,silver,-0.4368457794189453
504,coin,ticket,-0.8345753997564316
505,cold,mist,-0.674423336982727
506,cold,rain,-0.4341445565223694
507,cold,silver,-0.9162585586309433
508,cold,sunny,-0.4804458022117615
509,cold,sunshine,-0.5944288372993469
510,cold,water,-0.5598955750465393
511,cold,weather,-0.4222645163536072
512,cold,winter,-0.37238824367523193
513,coldness,cool,-0.7612012177705765
514,collage,exhibition,-0.5634491443634033
515,collage,paint,-0.6240862905979156
516,collage,sculpture,-0.4879262447357178
517,collage,stream,-0.9621413387358189
518,collapse,shock,-0.5635733008384705
519,collar,tiger,-0.8989828079938889
520,collect,collect,-0.0
521,collect,scrape,-0.6476939916610718
522,collection,library,-0.6305697560310364
523,collection,packet,-0.7917621731758118
524,color,quality,-0.8299517929553986
525,color,wash,-0.7060633301734924
526,colorful,outfit,-0.7662325501441956
527,colorful,shot,-0.9873985415324569
528,colorful,toy,-0.7575052380561829
529,colorful,wood,-1.0016597142675892
530,colors,emblem,-0.8099001795053482
531,colour,grey,-0.39714616537094116
532,colour,shade,-0.4985421895980835
533,comfort,relief,-0.8459945023059845
534,comment,mention,-0.6626596450805664
535,commercial,manufacture,-0.773073211312294
536,commitment,guarantee,-0.5376662313938141
537,communication,theater,-0.8905222043395042
538,compact,short,-0.7869984358549118
539,company,distributor,-0.5468847155570984
540,compartment,stalls,-0.915521465241909
541,compatible,software,-0.5950173735618591
542,competes,race,-0.6382176280021667
543,compound,enhance,-0.8851654529571533
544,compound,whole,-0.9231307953596115
545,computer,lab,-0.6248632669448853
546,computer,number,-0.9189457669854164
547,computer,platform,-0.7869738191366196
548,computer,railway,-0.9997370050114114
549,concentration,focus,-0.8304933905601501
550,concert,jazz,-0.5110155642032623
551,concert,sing,-0.5180720090866089
552,concerts,settle,-1.035132758319378
553,conclusion,judgment,-0.6401746571063995
554,conclusion,situation,-0.7690367251634598
555,concoct,request,-1.02630003541708
556,concrete,interior,-0.8000473231077194
557,concrete,pin,-1.1144017353653908
558,cone,palm,-0.9222246557474136
559,congress,sex,-0.9588633254170418
560,connection,keyboard,-0.8400878608226776
561,consequences,position,-0.9941236143931746
562,consistency,phase,-0.975508276373148
563,construction,downtown,-0.7453107237815857
564,construction,interior,-0.6025146245956421
565,contact,print,-0.7916046679019928
566,control,driving,-0.8169070333242416
567,cooking,dessert,-0.644726037979126
568,cooking,eat,-0.6516766250133514
569,cooking,food,-0.4529176354408264
570,cooking,frozen,-0.8735117316246033
571,cooking,salad,-0.5586513876914978
572,cool,cool,-0.0
573,cool,jazz,-0.9217332750558853
574,cool,state,-1.0334042236208916
575,cop,dirty,-0.8364828079938889
576,cop,music,-1.0593867041170597
577,cop,ruin,-0.9639689810574055
578,cord,eclipse,-0.920366108417511
579,corn,pepper,-0.6217791736125946
580,cost,price,-0.3633706569671631
581,costume,halloween,-0.37858349084854126
582,costume,radiation,-1.0461676716804504
583,cottage,patio,-0.7787626832723618
584,council,minister,-0.5316389799118042
585,count,investigation,-0.9107937142252922
586,count,number,-0.5102262496948242
587,counter,furniture,-0.7039846777915955
588,counter,negative,-0.8409433364868164
589,couple,family,-0.7120735943317413
590,couple,makeup,-0.9283148422837257
591,couple,race,-0.9450929835438728
592,cousin,relation,-0.9103753864765167
593,cover,feather,-0.8923123329877853
594,cover,sleeve,-0.5706129670143127
595,covering,skin,-0.6975734531879425
596,cowboys,ranch,-0.5145689845085144
597,crack,cracking,-0.3985806703567505
598,cracking,noise,-0.8001507073640823
599,cracking,sound,-0.8471312522888184
600,craft,game,-1.019045639783144
601,crane,stair,-0.8136357814073563
602,crash,swing,-0.9321830049157143
603,creation,stitch,-0.8254147171974182
604,credit,flap,-0.8586825132369995
605,credit,foundation,-0.9149558991193771
606,crew,unit,-0.7964008897542953
607,critic,reviewers,-0.576759934425354
608,crochet,family,-0.9531715288758278
609,crochet,jewelry,-0.6601951122283936
610,crochet,knitting,-0.18249613046646118
611,cross,mug,-0.9671642631292343
612,cross,post,-0.8374268263578415
613,cross,pub,-0.9406874664127827
614,cross,shopping,-0.8991211801767349
615,crush,push,-0.8255326002836227
616,crush,split,-0.737823486328125
617,crystal,spiral,-0.7216759622097015
618,cube,dice,-0.5663237273693085
619,cup,handbag,-0.8719570934772491
620,curb,smother,-0.8895212337374687
621,curb,train,-0.9838713314384222
622,current,flow,-0.8399576991796494
623,cut,gore,-0.8279258012771606
624,cute,fashion,-0.7591886669397354
625,cute,friend,-0.7013875842094421
626,cute,fun,-0.4833587408065796
627,cute,haircut,-0.7989471554756165
628,cylinder,pen,-0.9658953882753849
629,daisy,foliage,-0.5408916473388672
630,daisy,grass,-0.6893471479415894
631,daisy,petal,-0.41747957468032837
632,dance,hotel,-0.9914566809311509
633,dandelion,foliage,-0.42133116722106934
634,dandelion,grass,-0.4416303038597107
635,dandelion,petal,-0.4607155919075012
636,danger,status,-0.9773553870618343
637,dark,flamingo,-1.0613415986299515
638,dark,pod,-0.8580282926559448
639,dark,white,-0.5195616781711578
640,dashboard,protection,-0.8309908360242844
641,daughter,graphic,-1.0161638166755438
642,daughter,pub,-1.1226662620902061
643,dawn,day,-0.6735444962978363
644,day,glide,-1.0008580486173742
645,day,horse,-1.0312237441539764
646,day,independence,-0.797385036945343
647,day,night,-0.3762601613998413
648,day,sunny,-0.6713874936103821
649,day,sunset,-0.639899492263794
650,day,weather,-0.6981346607208252
651,dead,sidewalk,-0.8942755982279778
652,deaf,people,-0.7041718065738678
653,death,funeral,-0.4431721568107605
654,decision,option,-0.7146008312702179
655,decoration,tulip,-0.6914975345134735
656,defeat,ending,-0.7381102442741394
657,defeated,people,-0.9609588459134102
658,degree,quantity,-0.8951856717467308
659,demand,supply,-0.47129207849502563
660,demolition,interior,-0.8193750530481339
661,demolition,skyscraper,-0.6147887706756592
662,demolition,tall,-1.100943811237812
663,desert,mountain,-0.4501417875289917
664,deserve,merit,-0.46042168140411377
665,deserve,want,-0.6322430372238159
666,design,graphic,-0.5125946402549744
667,design,orange,-0.949626162648201
668,designation,recognition,-0.5415602028369904
669,designs,intend,-0.8994948118925095
670,dessert,head,-1.0100944330915809
671,dessert,salad,-0.47638559341430664
672,determination,selection,-0.9407467059791088
673,development,twist,-0.9649474583566189
674,diamond,parade,-1.122089222073555
675,diamond,short,-1.0121987164020538
676,diamond,stencil,-0.9840893913060427
677,difficulty,problem,-0.5458753108978271
678,digit,toe,-0.8675001412630081
679,dilute,market,-0.9124693423509598
680,dinner,sitting,-0.7538149803876877
681,dinner,sleep,-0.8444832861423492
682,direction,direction,-0.0
683,direction,traveling,-0.7586399912834167
684,dirt,racing,-0.6605349183082581
685,dirt,road,-0.5545111894607544
686,dirt,sand,-0.5019726753234863
687,dirty,dude,-0.7753832042217255
688,dirty,rabbit,-0.9165298417210579
689,dirty,washing,-0.6157872974872589
690,discharge,spread,-1.0084958923980594
691,discipline,discipline,-0.0
692,disk,dot,-1.0021787700243294
693,display,stick,-0.9244080111384392
694,dissipate,isolate,-0.8670234084129333
695,distinction,sword,-0.8826565891504288
696,distinguish,medal,-0.8994764313101768
697,distinguish,sex,-1.0631441101431847
698,disturbance,upset,-0.6798417568206787
699,diversion,skiing,-0.9646269790828228
700,dock,herb,-0.9884400051087141
701,dog,husky,-0.4440271258354187
702,dog,secretary,-1.0815990418195724
703,doll,new,-0.8680772185325623
704,dome,interior,-0.7438630759716034
705,dome,uniform,-0.9993101344443858
706,donut,panda,-0.8291996568441391
707,door,interior,-0.6097922623157501
708,door,porch,-0.5799269080162048
709,door,room,-0.6361737847328186
710,downtown,field,-1.0693967044353485
711,downtown,hockey,-0.9871351253241301
712,downtown,ruin,-0.9857851825654507
713,downtown,shopping,-0.608487993478775
714,downtown,subway,-0.46687859296798706
715,drag,drawing,-0.9575742669403553
716,dragon,drop,-0.8083836138248444
717,dragonfly,frog,-0.3606697916984558
718,dragonfly,insect,-0.4847590923309326
719,draw,draw,-0.0
720,draw,entertainer,-1.0636771693825722
721,dress,match,-0.8520887047052383
722,dress,neckline,-0.372334361076355
723,dress,outfit,-0.385997474193573
724,dressing,patch,-0.8219221830368042
725,drill,implement,-0.8604904115200043
726,drink,turn,-1.0095625901594758
727,dripping,hot,-0.518544614315033
728,dripping,round,-0.8694166839122772
729,dripping,wet,-0.42102283239364624
730,drive,drive,-0.0
731,drive,operate,-0.8448520451784134
732,drop,drop,-0.0
733,drop,measure,-0.887226790189743
734,drop,sink,-0.7692840993404388
735,dropping,dropping,-0.0
736,drought,time,-0.9013137072324753
737,drug,reflection,-1.0335473977029324
738,drug,sing,-0.9835754334926605
739,drug,wolf,-0.9809283502399921
740,dude,fun,-0.8425548523664474
741,dude,hanging,-0.8243808299303055
742,dude,sitting,-0.8792042434215546
743,dude,smile,-0.8097328692674637
744,dusk,hummingbird,-0.6744298934936523
745,dusk,misty,-0.45181846618652344
746,dye,kiss,-0.9362651854753494
747,eagle,feather,-0.4984513521194458
748,ear,organ,-0.6250401437282562
749,earn,make,-0.6378701329231262
750,ease,relaxation,-0.6640565097332001
751,ease,rest,-0.7024414837360382
752,east,israel,-0.7419954836368561
753,easter,preference,-1.0323535241186619
754,eat,rabbit,-0.8251370936632156
755,eat,soup,-0.5853127837181091
756,eat,truck,-0.969434792175889
757,educated,learned,-0.8590167909860611
758,effects,effects,-0.0
759,egg,lego,-0.870437502861023
760,egg,nest,-0.617012232542038
761,egg,white,-0.6649838984012604
762,eight,movement,-1.0268692374229431
763,element,mixture,-0.8127523511648178
764,element,situation,-0.8419546335935593
765,elephant,giraffe,-0.2901226878166199
766,emission,gum,-0.9786365665495396
767,endeavor,worst,-1.0491070300340652
768,enemy,strike,-0.6560094356536865
769,enforcing,execute,-0.8983532562851906
770,engine,gasoline,-0.6196275949478149
771,engineering,technology,-0.5343561172485352
772,english,french,-0.3135358691215515
773,enhanced,increased,-0.506071001291275
774,enjoy,suffering,-0.8547601103782654
775,enterprise,industry,-0.5790113508701324
776,entrance,registration,-0.823256105184555
777,equipment,seat,-1.0071053886786103
778,escalator,railway,-0.6287583112716675
779,escalator,redhead,-1.0289140436798334
780,establishment,establishment,-0.0
781,evaluate,forecast,-0.8596416115760803
782,evening,fun,-0.7158902883529663
783,evening,night,-0.29297757148742676
784,evening,time,-0.6952117085456848
785,event,influence,-1.0027430702466518
786,evidence,format,-1.0575513951480389
787,evidence,record,-0.770929217338562
788,evil,worst,-0.7391464114189148
789,evolution,publicity,-1.0597562156617641
790,examination,quiz,-0.7103331685066223
791,executive,organization,-0.6897222101688385
792,exhibit,parade,-0.751128613948822
793,exhibition,painting,-0.44609206914901733
794,exhibition,soup,-1.007934706285596
795,expect,think,-0.4792664647102356
796,expectation,possibility,-0.656323105096817
797,expedition,mystery,-0.8225025832653046
798,explosion,stencil,-1.10198163241148
799,express,mail,-0.6386651694774628
800,extending,increase,-0.900716133415699
801,extort,school,-1.0217218417674303
802,eye,face,-0.5239905416965485
803,eye,lip,-0.5207071900367737
804,eye,sky,-0.636021077632904
805,fabric,lace,-0.3723641633987427
806,fabric,sail,-0.8420633226633072
807,face,stop,-0.8297597914934158
808,face,tear,-0.8255296349525452
809,fair,midway,-0.9635063819587231
810,family,town,-0.8460383266210556
811,fantasy,fiction,-0.357776403427124
812,fantasy,recycling,-1.1011554822325706
813,farm,wind,-0.8002620786428452
814,farmer,individual,-1.0021926576737314
815,fashion,handwriting,-1.150713324546814
816,fashion,outfit,-0.6054661870002747
817,fauna,toy,-1.1246733292937279
818,fbi,investigation,-0.5249898135662079
819,fear,fear,-0.0
820,feather,flamingo,-0.5263798832893372
821,feather,grey,-0.731616735458374
822,feather,hummingbird,-0.5192841291427612
823,feather,mallard,-0.5412532985210419
824,feather,nest,-0.4933621883392334
825,feather,sunflower,-0.8358345031738281
826,feedback,flow,-0.754435583949089
827,feel,friend,-0.7960342764854431
828,feel,stop,-0.807989701628685
829,feel,tear,-0.7928403317928314
830,feline,kitten,-0.38162684440612793
831,feline,kitty,-0.39122891426086426
832,feline,nut,-1.0858100950717926
833,feline,pumpkin,-0.9212655797600746
834,feline,reptile,-0.4918849468231201
835,female,old,-0.7924950867891312
836,female,square,-0.9783296082168818
837,festival,gate,-0.9307738244533539
838,festival,music,-0.7224436700344086
839,fiction,romance,-0.3287726044654846
840,field,handle,-0.9475838579237461
841,field,play,-0.8137921094894409
842,field,science,-0.6801332831382751
843,fighting,resist,-0.7372178733348846
844,filing,formations,-1.012690898962319
845,filled,filled,-0.0
846,find,occurrence,-0.9128854051232338
847,fine,precise,-0.8715827912092209
848,finger,toe,-0.52292400598526
849,fingerprint,football,-1.098708912730217
850,fire,flame,-0.3577492833137512
851,fish,fishing,-0.3170778155326843
852,fishing,shore,-0.4243496060371399
853,fishing,word,-0.9142959639430046
854,five,month,-0.5316144526004791
855,flame,peacock,-0.8098866045475006
856,flame,reaction,-0.7662023603916168
857,flat,housing,-0.7220838665962219
858,fleet,travel,-0.816335067152977
859,flight,plane,-0.23996073007583618
860,flight,shoot,-0.9203917384147644
861,flood,flood,-0.0
862,flood,line,-0.8923312053084373
863,floor,interior,-0.5802071988582611
864,floor,stair,-0.5402170419692993
865,flour,garlic,-0.4939730763435364
866,flower,foliage,-0.38794976472854614
867,flower,garden,-0.42035192251205444
868,flower,lily,-0.2700631022453308
869,flower,petal,-0.2514796853065491
870,flower,spring,-0.6332472562789917
871,flower,yellow,-0.5717878937721252
872,flush,good,-0.9860557718202472
873,flyer,justice,-0.9803967382758856
874,fog,mist,-0.3662303686141968
875,fog,sunny,-0.6095215082168579
876,foliage,fruit,-0.5721641182899475
877,foliage,garden,-0.4741743803024292
878,foliage,moss,-0.3970693349838257
879,foliage,pink,-0.6222949028015137
880,foliage,purple,-0.492379367351532
881,foliage,violet,-0.48971205949783325
882,followed,tailgate,-0.9479341357946396
883,follower,planet,-0.8810025304555893
884,follower,satellite,-1.0286154672503471
885,food,medium,-1.0211619138717651
886,foot,mural,-0.9709148984402418
887,foot,outdoor,-0.8191380500793457
888,foot,toe,-0.36101269721984863
889,football,justice,-0.9578121267259121
890,footprint,scooter,-0.9270918220281601
891,ford,valley,-0.7815563380718231
892,foreign,nation,-0.6295453608036041
893,forest,frog,-0.6741352677345276
894,forest,ground,-0.8305588513612747
895,format,packaging,-0.8688624501228333
896,formation,perceive,-1.095545843243599
897,formation,perform,-0.9902106048539281
898,forward,player,-0.8194526880979538
899,forward,position,-0.7377755641937256
900,forward,transport,-0.8926866054534912
901,foundation,support,-0.71388840675354
902,fountain,marble,-0.5831634104251862
903,free,skin,-0.7936171889305115
904,frost,lily,-0.789659708738327
905,frost,weather,-0.5069520175457001
906,frozen,shop,-0.8181108236312866
907,frozen,soup,-0.6654783487319946
908,fruit,orange,-0.5639484524726868
909,fruit,product,-0.8559444397687912
910,fruit,strawberry,-0.3138125538825989
911,fruit,sunflower,-0.6169240772724152
912,fun,haircut,-1.0323105305433273
913,fun,happy,-0.4785838723182678
914,fungi,insect,-0.27461928129196167
915,fungi,mushroom,-0.5881784856319427
916,furnish,impress,-0.7112337052822113
917,furnishing,jumper,-1.0116857644170523
918,gallery,journal,-0.8030325174331665
919,gamble,pyramid,-0.9702122360467911
920,game,playoff,-0.48247194290161133
921,garage,kitchen,-0.5140071213245392
922,garage,opener,-0.7153938710689545
923,garbage,lunch,-0.9788397010415792
924,gardens,sink,-1.0510940439999104
925,gardens,tend,-0.9065028727054596
926,gas,neon,-0.7357100248336792
927,gas,sewer,-0.6938812732696533
928,gasoline,town,-0.9895090823993087
929,gauge,meter,-0.6944524943828583
930,gem,quartz,-0.5529068410396576
931,germany,worst,-0.8935756832361221
932,get,regained,-0.9501095712184906
933,get,start,-0.6383598446846008
934,giraffe,mist,-1.018081845715642
935,giraffe,zebra,-0.2534472346305847
936,giraffe,zoo,-0.46799278259277344
937,girl,sexy,-0.3887127637863159
938,glove,wear,-0.5916830897331238
939,goose,outfit,-0.989994116127491
940,government,immunity,-0.7914290130138397
941,governor,office,-0.658291757106781
942,graduate,graduate,-0.0
943,grape,wine,-0.43340879678726196
944,graphic,roof,-0.9776264540851116
945,grass,ski,-1.0889889895915985
946,grass,skull,-1.1396858245134354
947,grass,stop,-1.104064591228962
948,grave,memorial,-0.47551244497299194
949,grave,santa,-0.9428636059165001
950,grave,shore,-1.0679152011871338
951,graveyard,ruin,-0.7178640365600586
952,gray,property,-0.9706938304007053
953,greater,greater,-0.0
954,greater,large,-0.6865062713623047
955,green,number,-0.8524760901927948
956,green,yellow,-0.21983468532562256
957,greeting,receptions,-0.8100854158401489
958,grey,pink,-0.4898833632469177
959,grey,rusty,-0.5993111431598663
960,grey,white,-0.3794710636138916
961,guardian,livestock,-0.913034237921238
962,gulf,ms,-0.7661290466785431
963,gun,picture,-1.0298004914075136
964,guy,idea,-0.7386193871498108
965,guy,kid,-0.668165534734726
966,guy,kiss,-0.7412071228027344
967,guy,people,-0.7742728739976883
968,guy,poodle,-0.9997335875232238
969,guy,sitting,-0.6931470632553101
970,guy,smile,-0.726821780204773
971,guy,stand,-0.8915647864341736
972,guy,tear,-0.9160533919930458
973,hail,judge,-1.01711355894804
974,hair,redhead,-0.7705495059490204
975,hair,stencil,-0.8944306597113609
976,hair,wig,-0.2815168499946594
977,hand,left,-0.6396065652370453
978,handle,shop,-1.0081567661836743
979,handle,terrier,-1.021501874551177
980,hanging,smile,-0.8261074125766754
981,happy,licking,-0.9907264318317175
982,happy,mom,-0.6694236695766449
983,happy,post,-0.659452885389328
984,happy,sleep,-0.7933672964572906
985,happy,stand,-0.8361681997776031
986,happy,stop,-0.8611515462398529
987,happy,time,-0.6228144764900208
988,harbor,sea,-0.4975703954696655
989,harbor,sunk,-0.6015491783618927
990,harbour,ship,-0.539040595293045
991,harbour,shore,-0.39750903844833374
992,hard,zoo,-1.07359928637743
993,hat,jacket,-0.38222259283065796
994,hat,jean,-0.6511087119579315
995,hat,peel,-0.9982937318272889
996,hat,role,-0.9459221325814724
997,health,welfare,-0.45848166942596436
998,heart,wing,-0.8859257027506828
999,heater,stove,-0.36061280965805054
1000,heel,stack,-1.0148056503385305
1001,held,nest,-0.8751361444592476
1002,helix,spiral,-0.4295334219932556
1003,highway,road,-0.18623346090316772
1004,hill,horizon,-0.9217603877186775
1005,hill,mountain,-0.39552736282348633
1006,hill,scenery,-0.7610547542572021
1007,history,recital,-0.975046906620264
1008,hit,tourist,-1.0005495333462022
1009,hockey,ice,-0.4848713278770447
1010,hockey,play,-0.6252420246601105
1011,holiday,travel,-0.7356796264648438
1012,home,smoking,-0.902061715722084
1013,honest,sincere,-0.2635273337364197
1014,hood,protection,-0.702594131231308
1015,hope,psychology,-1.0140331760048866
1016,horizon,sky,-0.32007724046707153
1017,horizontal,surface,-0.77156762778759
1018,hostility,war,-0.7156451642513275
1019,hot,hot,-0.0
1020,hot,sunny,-0.6950723230838776
1021,hotel,kill,-0.8768083229660988
1022,hotel,library,-0.8452064543962479
1023,hotel,oak,-0.9743686430156231
1024,house,staircase,-0.7855020463466644
1025,house,windmill,-0.7703574746847153
1026,housing,vault,-0.9156103879213333
1027,hummingbird,rodent,-0.684182345867157
1028,husky,painting,-0.9841868337243795
1029,image,visualize,-0.7528624087572098
1030,impressive,striking,-0.5954007506370544
1031,industrial,lake,-1.04529869556427
1032,information,target,-0.8971005231142044
1033,infrastructure,structure,-0.7200822532176971
1034,initial,letter,-0.7118112444877625
1035,injury,wrong,-0.8274626433849335
1036,ink,liquid,-0.5046976804733276
1037,ink,organ,-1.0175372194498777
1038,insect,lizard,-0.4421314001083374
1039,installation,zoo,-0.9627432525157928
1040,instruction,lesson,-0.3915206789970398
1041,interest,lien,-0.7667468935251236
1042,interior,object,-0.9083564877510071
1043,interior,paint,-0.49485862255096436
1044,interior,roof,-0.5018936991691589
1045,interior,staircase,-0.8347337543964386
1046,interior,tall,-0.9869372323155403
1047,interpretation,twist,-0.8590913116931915
1048,intrigue,romance,-0.3803790807723999
1049,inventory,listing,-0.5769228935241699
1050,invite,requests,-0.6648244857788086
1051,ipod,rope,-0.9789829310029745
1052,iron,robust,-1.0088450871407986
1053,israel,israeli,-0.25338226556777954
1054,israel,terror,-0.6897440850734711
1055,issue,up,-0.8228360712528229
1056,ivy,oak,-0.6416036784648895
1057,jaguar,storm,-1.0914959907531738
1058,jamaica,queens,-0.6823520660400391
1059,jazz,play,-0.7902141809463501
1060,jean,shirt,-0.47746777534484863
1061,jean,washing,-0.9679940566420555
1062,jellyfish,punk,-0.9578285627067089
1063,jellyfish,texture,-0.9836183432489634
1064,joke,message,-0.7284273505210876
1065,journal,writing,-0.5051491856575012
1066,judgment,sense,-0.6854331195354462
1067,jump,stitch,-0.8733284324407578
1068,jump,uniform,-1.2560195922851562
1069,jury,school,-0.9957865243777633
1070,justice,official,-0.9985639844089746
1071,juvenile,rope,-0.9531625099480152
1072,key,misty,-1.0161033626645803
1073,key,motor,-0.9610177911818027
1074,keyboard,soldier,-0.936977207660675
1075,kidnapped,shanghai,-0.9135775938630104
1076,kill,sacrifice,-0.6272415220737457
1077,kill,shot,-0.6469334363937378
1078,kind,soft,-0.7275168001651764
1079,kiss,rusty,-1.0050617521628737
1080,kitchen,sleep,-0.9347628206014633
1081,kitchen,stair,-0.7048813104629517
1082,kitchen,washing,-0.5937868356704712
1083,kitten,kitty,-0.25453388690948486
1084,knock,tap,-0.8550129681825638
1085,lad,wizard,-0.8260425329208374
1086,lady,sexy,-0.4435555934906006
1087,lake,scenery,-0.6414320170879364
1088,lake,town,-0.6859645843505859
1089,lamb,lantern,-0.9239865094423294
1090,lamb,number,-0.9632848836481571
1091,lamb,snow,-0.8718478083610535
1092,landscape,mountain,-0.7326260209083557
1093,landscape,stadium,-0.9169481098651886
1094,lantern,oak,-0.8910880461335182
1095,lapse,suspension,-0.7575195729732513
1096,last,last,-0.0
1097,last,senior,-0.8133275359869003
1098,laundering,machine,-0.9585830606520176
1099,law,mosaic,-1.1335977166891098
1100,lawn,sleep,-1.0382732413709164
1101,layer,region,-0.6408318877220154
1102,leaf,nature,-0.8156749606132507
1103,lean,rest,-0.8520961999893188
1104,leap,second,-0.8327315598726273
1105,learned,learned,-0.0
1106,leather,pouch,-0.6596631407737732
1107,leather,sunshine,-1.0930991396307945
1108,leave,pass,-0.8139809817075729
1109,left,morning,-0.8806962966918945
1110,left,walk,-0.720510870218277
1111,lego,rodent,-0.920765332877636
1112,lever,machine,-0.91021279245615
1113,lever,open,-0.9157050848007202
1114,licking,marble,-0.9301200732588768
1115,licking,pier,-1.1374874860048294
1116,licking,puppy,-0.8737047165632248
1117,licking,rusty,-0.9739971477538347
1118,licking,sitting,-0.7319715619087219
1119,lie,line,-1.0201304275542498
1120,lie,sun,-0.7882444858551025
1121,light,shadow,-0.6148816347122192
1122,light,sleep,-0.8417727202177048
1123,light,sunlight,-0.4216558337211609
1124,lighthouse,wall,-0.7922927290201187
1125,lighting,man,-1.022253442555666
1126,lighting,stone,-0.8892488479614258
1127,lily,plant,-0.48382145166397095
1128,lily,purple,-0.47697436809539795
1129,lily,tulip,-0.3871745467185974
1130,limb,limb,-0.0
1131,line,street,-0.7722950279712677
1132,lion,square,-0.9269381389021873
1133,list,position,-0.8610580414533615
1134,list,post,-0.6969308257102966
1135,list,shopping,-0.7644301801919937
1136,listing,organization,-0.8761924877762794
1137,live,stitch,-1.0570049472153187
1138,location,space,-0.7231220901012421
1139,lock,mannequin,-1.0914429128170013
1140,looking,sightseeing,-0.9979433878324926
1141,loss,reducing,-0.6049212515354156
1142,love,romance,-0.5256541073322296
1143,lower,sustain,-0.87789636105299
1144,lunch,morning,-0.5950894057750702
1145,lunch,sunny,-0.9090466648340225
1146,machine,pond,-1.12944757938385
1147,machine,sketch,-0.9125456660985947
1148,machine,washing,-0.8087494522333145
1149,magnitude,size,-0.7825187742710114
1150,magnolia,maple,-0.5394090116024017
1151,maker,manufacturer,-0.47576475143432617
1152,makeup,people,-0.9059337601065636
1153,male,man,-0.6105927526950836
1154,manufacture,up,-1.0299904644489288
1155,map,sewing,-0.9808139428496361
1156,map,video,-0.997025327058509
1157,maple,oak,-0.29701775312423706
1158,marble,postcard,-0.9912789762020111
1159,marble,sing,-1.018601194024086
1160,market,shop,-0.7638191729784012
1161,market,sweeten,-0.9990950169740245
1162,mars,water,-1.0308747310191393
1163,mask,roof,-1.0391660518944263
1164,match,matchstick,-0.8027256429195404
1165,match,play,-0.7564490288496017
1166,matter,text,-0.7707808464765549
1167,mayor,villa,-0.9369051828980446
1168,meal,rice,-0.5274670422077179
1169,means,tool,-0.8417174816131592
1170,measure,twist,-0.9633813612163067
1171,meat,moon,-0.9979980282951146
1172,meat,potato,-0.6093660891056061
1173,meat,soup,-0.5528591573238373
1174,medium,organization,-0.9095176383852959
1175,melody,music,-0.40984833240509033
1176,memorial,rope,-0.8986802399158478
1177,memory,operation,-0.7953900992870331
1178,metro,rail,-0.5518433153629303
1179,metro,train,-0.5950839221477509
1180,military,reflection,-1.028299830853939
1181,military,wasp,-0.8954045251011848
1182,mill,wild,-0.9330466464161873
1183,mill,windmill,-0.5600295066833496
1184,miniature,paint,-0.9868521187454462
1185,miniature,painting,-0.7890355437994003
1186,minister,work,-1.015897473320365
1187,mirror,raspberry,-1.0858721435070038
1188,mist,sky,-0.509100466966629
1189,mist,sunny,-0.7535472214221954
1190,misty,sky,-0.48376959562301636
1191,misty,snow,-0.6486237645149231
1192,misty,sunny,-0.5207344591617584
1193,misty,sunrise,-0.4609888195991516
1194,misty,sunshine,-0.47672325372695923
1195,model,toe,-1.0055690314620733
1196,mole,spy,-0.6000401973724365
1197,moment,thief,-0.9317518100142479
1198,money,pile,-0.7886516898870468
1199,money,quota,-0.9815482199192047
1200,monster,rock,-0.9828301966190338
1201,month,year,-0.2762501835823059
1202,moon,mushroom,-0.9001101031899452
1203,morning,sunrise,-0.5418533980846405
1204,morning,sunshine,-0.6567978262901306
1205,mortal,mother,-0.8067695051431656
1206,moss,plant,-0.5634105801582336
1207,mother,mother,-0.0
1208,mother,mother-in-law,-0.2928592562675476
1209,mother,pregnant,-0.43072330951690674
1210,mother,yeast,-0.9694591518491507
1211,motion,step,-0.8653086572885513
1212,motto,volunteer,-0.8021824210882187
1213,mouth,tongue,-0.28102433681488037
1214,move,shifting,-0.7408170104026794
1215,move,spread,-0.907728023827076
1216,move,swell,-0.9199250042438507
1217,mozart,wagner,-0.5087443590164185
1218,museum,swim,-1.0102837597951293
1219,music,musician,-0.4218406081199646
1220,music,print,-0.9274921044707298
1221,music,track,-0.5891813933849335
1222,musical,solo,-0.5685862600803375
1223,nail,rusty,-0.7575618177652359
1224,nation,spanish,-0.8291841745376587
1225,native,rhodes,-1.0472448877990246
1226,necklace,snow,-0.8879634067416191
1227,nest,wasp,-0.38443851470947266
1228,noodle,pigeon,-0.9218613877892494
1229,novel,story,-0.45872020721435547
1230,nude,painting,-0.9372799098491669
1231,nurse,nurse,-0.0
1232,nut,sunflower,-0.6462436616420746
1233,observation,radio,-0.9011499062180519
1234,observe,violating,-0.8321104049682617
1235,obvious,plain,-0.7583145499229431
1236,obvious,room,-1.0334824174642563
1237,occasion,second,-0.8477737158536911
1238,occupation,place,-0.8650926351547241
1239,ocean,pacific,-0.45466452836990356
1240,ocean,underwater,-0.511371523141861
1241,ocean,water,-0.460776686668396
1242,old,race,-1.0437823422253132
1243,old,seat,-0.9479066990315914
1244,operation,operation,-0.0
1245,opinion,sentiment,-0.6839221119880676
1246,orange,peel,-0.6086933314800262
1247,orange,raspberry,-0.41171711683273315
1248,orange,shop,-0.981990234926343
1249,origami,stadium,-0.8422051966190338
1250,origin,root,-0.7299028933048248
1251,out,sent,-0.6122192442417145
1252,outdoor,pool,-0.5200628936290741
1253,outdoor,swimming,-0.521829754114151
1254,outfit,sign,-1.0212310682982206
1255,outfit,sock,-0.7311369180679321
1256,overflow,sewer,-0.6357011497020721
1257,pain,suffering,-0.296301007270813
1258,paint,picture,-0.8549082279205322
1259,paint,portrait,-0.8498217016458511
1260,painting,sculpture,-0.3499321937561035
1261,palace,ruin,-0.7834862023591995
1262,panorama,scenery,-0.4995933175086975
1263,panorama,view,-0.5122861564159393
1264,panorama,zoo,-0.7957840412855148
1265,paper,railway,-0.9358741715550423
1266,paper,vine,-0.9737051762640476
1267,papers,security,-1.0100785456597805
1268,park,parking,-0.4511813521385193
1269,part,relation,-0.7629975825548172
1270,party,seat,-0.7669951766729355
1271,pass,ticket,-0.9293941780924797
1272,pass,topping,-1.1394902169704437
1273,passage,quotation,-0.7947698086500168
1274,passing,passing,-0.0
1275,path,star,-0.962496317923069
1276,patio,sleep,-0.9181594252586365
1277,patio,stair,-0.6569996476173401
1278,patio,staircase,-0.6011143922805786
1279,patio,woman,-1.0133263850584626
1280,pavilion,terrace,-0.6181909739971161
1281,paw,theatre,-0.9883980145677924
1282,peel,skin,-0.4807475805282593
1283,pennsylvania,writer,-0.9872818598523736
1284,people,wounded,-0.7367069721221924
1285,pepper,potato,-0.5139796733856201
1286,pepper,tomato,-0.2798820734024048
1287,person,tiger,-0.9079288244247437
1288,personnel,police,-0.5384272933006287
1289,persuasion,weapon,-0.8273280411958694
1290,petal,shade,-0.5902960896492004
1291,photo,photography,-0.4040225148200989
1292,photograph,still,-0.9571769088506699
1293,photographer,portrait,-0.3491252064704895
1294,photographer,wedding,-0.544060617685318
1295,piano,wolf,-0.9602336920797825
1296,pigeon,round,-0.810232862830162
1297,pillow,stone,-1.0075045367702842
1298,pink,skirt,-0.4521833062171936
1299,pink,white,-0.3650559186935425
1300,place,place,-0.0
1301,place,siphon,-1.0459051616489887
1302,plain,report,-0.910980723798275
1303,plant,seed,-0.4626260995864868
1304,plant,skate,-0.9837999884039164
1305,play,rail,-1.0669973939657211
1306,play,sign,-0.8679407984018326
1307,play,thousand,-1.147401675581932
1308,player,slave,-1.0482932478189468
1309,pledge,promise,-0.5042461156845093
1310,plot,strategy,-0.8316712975502014
1311,point,second,-0.5609862804412842
1312,point,spot,-0.7738282680511475
1313,point,tennis,-1.0329825319349766
1314,point,trouble,-0.8309583365917206
1315,poll,poll,-0.0
1316,pond,water,-0.4187936782836914
1317,poodle,puppy,-0.16557389497756958
1318,poodle,terrier,-0.15322601795196533
1319,pool,relax,-0.6029146313667297
1320,porch,roof,-0.3986390233039856
1321,porch,scooter,-1.057703785598278
1322,porch,staircase,-0.4865424633026123
1323,portrait,underground,-1.044070404022932
1324,potato,rice,-0.42545586824417114
1325,president,president,-0.0
1326,price,price,-0.0
1327,principle,principle,-0.0
1328,privilege,rich,-0.8112150877714157
1329,production,production,-0.0
1330,profiling,racism,-0.6567803919315338
1331,protection,roof,-0.7620663046836853
1332,protest,tile,-1.0391531512141228
1333,publish,show,-0.9395547732710838
1334,pug,puppy,-0.20889067649841309
1335,punk,vinyl,-0.7340245246887207
1336,puppy,skyline,-1.0550111085176468
1337,purple,violet,-0.24352502822875977
1338,pyramid,speculation,-0.9227363243699074
1339,quality,romance,-0.9533900395035744
1340,queen,queen,-0.0
1341,race,racing,-0.2852272391319275
1342,race,square,-1.0868503078818321
1343,radical,role,-0.9538007490336895
1344,rail,train,-0.4708738327026367
1345,railroad,underground,-0.8258691132068634
1346,railway,station,-0.35324710607528687
1347,rain,wet,-0.5169112980365753
1348,raise,shoulders,-0.8412790894508362
1349,raising,upbringing,-0.9516941346228123
1350,raspberry,sweet,-0.40782737731933594
1351,read,reading,-0.25157713890075684
1352,rebel,soldier,-0.5192404687404633
1353,rebel,young,-0.8302459716796875
1354,recognize,succeed,-0.6997150182723999
1355,record,score,-0.6701302826404572
1356,record,write,-0.8011160343885422
1357,red,shade,-0.6623701751232147
1358,red,stripe,-0.4597892165184021
1359,redhead,rusty,-0.9269960522651672
1360,relax,sitting,-0.6612732708454132
1361,relief,total,-0.9203476533293724
1362,religion,remedy,-0.941154059022665
1363,religion,trinity,-0.6336280405521393
1364,report,study,-0.5515430867671967
1365,reptile,vacation,-1.0834400579333305
1366,reservation,reservation,-0.0
1367,resistance,resistance,-0.0
1368,reverse,reverse,-0.0
1369,rice,yellow,-0.67745241522789
1370,ripple,shadow,-0.8714591264724731
1371,ripple,wave,-0.4660773277282715
1372,river,valley,-0.49782615900039673
1373,river,waterfall,-0.5035637021064758
1374,robbery,rolling,-1.0658132061362267
1375,rod,rod,-0.0
1376,role,title,-0.8607990890741348
1377,rolling,sound,-0.9528276585042477
1378,room,sitting,-0.5703511238098145
1379,root,stem,-0.5487630367279053
1380,rope,shore,-0.8785053119063377
1381,rose,rose,-0.0
1382,round,shape,-0.6804185509681702
1383,row,terrace,-0.7945190221071243
1384,rub,wipe,-0.5292749404907227
1385,ruin,stone,-0.857528954744339
1386,ruin,town,-0.8261651247739792
1387,running,sprint,-0.5700604915618896
1388,rusty,shade,-0.7737423479557037
1389,rusty,stand,-0.9728481285274029
1390,saddle,soap,-0.9197026565670967
1391,sail,sheet,-0.8996956422924995
1392,sailing,sunk,-0.5406171977519989
1393,sake,shade,-0.8867150768637657
1394,satellite,solar,-0.7232681214809418
1395,scenery,trail,-0.70136758685112
1396,school,welsh,-0.9633513949811459
1397,sea,shore,-0.32443714141845703
1398,sea,submarine,-0.5207726359367371
1399,sea,water,-0.5339140594005585
1400,season,winter,-0.4295669198036194
1401,seize,take,-0.6593368649482727
1402,series,string,-0.9705873839557171
1403,sex,sex,-0.0
1404,sexy,smile,-0.7761494219303131
1405,shade,tree,-0.665666788816452
1406,shade,whale,-1.1455940902233124
1407,shadow,sunlight,-0.7443033754825592
1408,shape,square,-0.7837852537631989
1409,sheet,sheet,-0.0
1410,shining,work,-0.999541216151556
1411,ship,spouse,-0.9986043024109676
1412,shirt,tiger,-0.9486034326255322
1413,shopping,store,-0.2871711850166321
1414,shore,swim,-0.547479897737503
1415,shore,town,-0.8014224916696548
1416,shore,valley,-0.9099162146449089
1417,short,trading,-0.8721285611391068
1418,sight,vision,-0.5080149173736572
1419,sign,sign,-0.0
1420,silence,still,-0.7063337862491608
1421,single,sole,-0.8185611814260483
1422,sitting,sleep,-0.6623212695121765
1423,situation,things,-0.7749412059783936
1424,skate,vehicle,-1.0457648076117039
1425,skating,sticker,-1.0866182893514633
1426,skin,skin,-0.0
1427,sky,sunlight,-0.39281731843948364
1428,skyline,view,-0.6156522631645203
1429,slash,stroke,-0.738779753446579
1430,slave,worker,-0.7858767509460449
1431,sleeping,waking,-0.3827836513519287
1432,small,valley,-0.9155721664428711
1433,small,village,-0.7797536104917526
1434,smile,time,-0.7852657586336136
1435,smile,view,-0.9500458426773548
1436,smile,walk,-0.8765915930271149
1437,smoking,sunny,-0.9767013136297464
1438,snap,touch,-0.6429173052310944
1439,sock,stocking,-0.5472553968429565
1440,solstice,summer,-0.6504306197166443
1441,song,vocal,-0.5213707387447357
1442,speech,word,-0.5320434272289276
1443,spin,sweat,-0.9608299508690834
1444,spiral,staircase,-0.584822803735733
1445,spread,spread,-0.0
1446,square,town,-0.7220424711704254
1447,stamp,weave,-1.015737872570753
1448,stand,tear,-0.8044569790363312
1449,stand,walk,-0.6222741007804871
1450,star,star,-0.0
1451,star,storm,-1.0108818216249347
1452,steel,wing,-0.9005303233861923
1453,step,travel,-1.0981089398264885
1454,step,walk,-0.7268668413162231
1455,step,wind,-1.1917496472597122
1456,sticker,track,-0.8921105340123177
1457,stock,stock,-0.0
1458,storm,thunderstorm,-0.2964521050453186
1459,straight,stretch,-0.7988539189100266
1460,strains,trouble,-0.965185422450304
1461,stream,waterfall,-0.665627121925354
1462,stripe,train,-0.9761265572160482
1463,stripe,violet,-0.5374202728271484
1464,subway,underground,-0.6803480982780457
1465,subway,valentine,-0.8525926321744919
1466,sun,sun,-0.0
1467,sun,sunburst,-0.7409277856349945
1468,sun,sunlight,-0.22525227069854736
1469,sun,sunshine,-0.28677302598953247
1470,sunlight,thriller,-0.9370568320155144
1471,sunny,weather,-0.48511964082717896
1472,sunny,wet,-0.7108210325241089
1473,sunshine,weather,-0.5618031024932861
1474,support,trace,-0.9487831071019173
1475,surface,territory,-0.9285562187433243
1476,surfer,wave,-0.7086418271064758
1477,tall,wool,-0.9750267062336206
1478,tenure,term,-0.5922813713550568
1479,thing,thing,-0.0
1480,ticket,writing,-0.8537324070930481
1481,tops,tops,-0.0
1482,touch,upset,-0.9361526668071747
1483,tour,travel,-0.521131843328476
1484,traffic,traffic,-0.0
1485,train,train,-0.0
1486,travel,travel,-0.0
1487,travel,wandering,-0.7724114805459976
1488,tunnel,underground,-0.5472795963287354
1489,type,write,-0.6758696734905243
1490,valley,village,-0.5343304872512817
1491,van,vine,-0.9568241611123085
1492,violet,white,-0.5004419386386871
1493,violet,yellow,-0.33317703008651733
1494,washer,worker,-0.9542558453977108
1495,water,water,-0.0
1496,ways,ways,-0.0
1497,weather,winter,-0.33582425117492676
1498,wednesday,weekday,-0.6125145852565765
1499,word,word,-0.0
